,Num_Acc,lum,agg,atm,col,lat,long,datetime
1428,202100033222,1,2,1,6,48.72508,2.435248,2021-06-20 15:30:00
1429,202100033223,5,2,8,2,48.761082,2.368358,2021-06-20 00:50:00
1430,202100033434,5,2,2,3,48.7627,2.47863,2021-06-19 21:00:00
1431,202100033435,5,2,2,6,48.80683,2.54139,2021-06-19 21:07:00
1432,202100033436,1,2,1,3,48.762626,2.51984,2021-06-19 17:00:00
1433,202100033522,1,1,6,6,48.7843499486,2.4401287031,2021-06-19 20:00:00
1434,202100033524,1,1,1,6,48.7766211418,2.4180461375,2021-06-18 20:45:00
1435,202100033652,5,2,7,3,48.80843,2.33263,2021-06-18 06:35:00
1436,202100033653,1,2,1,3,48.82014,2.39649,2021-06-18 16:05:00
1437,202100033654,1,2,1,2,48.80779,2.37733,2021-06-14 13:35:00
1438,202100033655,1,2,1,1,48.77103,2.48509,2021-06-18 11:45:00
1439,202100033656,1,2,1,3,48.768766,2.413842,2021-06-18 09:15:00
1440,202100033657,1,2,1,2,48.76616,2.40875,2021-06-17 12:15:00
1441,202100033760,4,1,1,6,48.75898,2.33856,2021-06-18 00:20:00
1442,202100033885,1,2,1,2,48.80612,2.47226,2021-06-16 18:25:00
1443,202100033886,1,2,1,3,48.806977,2.353682,2021-06-15 15:00:00
1444,202100033887,1,2,1,3,48.75448,2.38599,2021-06-17 18:20:00
1445,202100033888,1,2,1,3,48.74802,2.36935,2021-06-16 10:15:00
1446,202100033889,5,2,1,1,48.79202,2.40404,2021-06-17 00:33:00
1447,202100033996,5,2,1,4,48.8172,2.3759,2021-06-13 22:10:00
1448,202100034109,1,2,1,1,48.79351,2.41219,2021-06-16 14:00:00
1449,202100034110,1,2,1,6,48.787,2.39751,2021-06-13 17:45:00
1450,202100034111,1,2,1,3,48.84645,2.4199,2021-06-16 18:30:00
1451,202100034112,1,2,1,6,48.80057,2.47179,2021-06-15 15:20:00
1452,202100034113,1,2,1,6,48.79086,2.51107,2021-06-14 17:10:00
1453,202100034114,1,2,1,3,48.855891,2.457526,2021-06-16 18:10:00
1454,202100034115,1,2,1,2,48.852574,2.490785,2021-06-06 17:00:00
1455,202100034116,1,2,1,2,48.74542,2.40253,2021-06-16 18:40:00
1456,202100034198,1,1,1,4,48.76012,2.33887,2021-06-16 07:30:00
1457,202100034314,1,2,1,2,48.80698,2.51087,2021-06-14 20:00:00
1458,202100034315,1,2,1,3,48.79074,2.50654,2021-06-14 14:15:00
1459,202100034316,1,2,1,3,48.74245,2.3537,2021-06-15 12:40:00
1460,202100034317,1,2,1,6,48.76374,2.40611,2021-06-14 19:10:00
1461,202100034318,1,2,1,2,48.75603,2.41441,2021-06-14 15:55:00
1462,202100034319,1,2,1,3,48.75493,2.41182,2021-06-14 10:05:00
1463,202100034320,1,2,1,1,48.8209,2.5468,2021-06-13 17:50:00
1464,202100034321,1,2,1,3,48.82804,2.40351,2021-06-15 09:30:00
1465,202100034322,1,2,1,3,48.74935,2.50843,2021-06-15 17:00:00
1466,202100034323,5,2,1,6,48.72744,2.53103,2021-06-14 22:30:00
1467,202100034324,1,2,1,3,48.79819,2.42063,2021-06-14 11:55:00
1468,202100034413,5,1,1,6,48.8067716076,2.3462255274,2021-06-14 22:30:00
1469,202100034418,1,1,1,3,48.7630280253,2.3813295364,2021-06-15 16:10:00
1470,202100034419,1,1,1,6,48.7628606503,2.3813598274,2021-06-15 10:50:00
1471,202100034420,1,1,1,6,48.83129,2.53107,2021-06-15 08:30:00
1472,202100034422,1,1,1,6,48.8354458972,2.5387118132,2021-06-15 07:10:00
1473,202100034423,1,1,1,4,48.7765946914,2.416910461,2021-06-15 06:40:00
1474,202100034441,1,2,1,3,48.8358,2.4886,2021-06-14 19:30:00
1475,202100034442,1,2,7,3,48.7534,2.33314,2021-06-14 15:30:00
1476,202100034443,5,2,1,6,48.77735,2.44168,2021-06-13 23:36:00
1477,202100034444,1,2,1,3,48.757351,2.407445,2021-06-14 13:25:00
1478,202100034445,1,2,1,6,48.75424,2.41378,2021-06-13 19:40:00
1479,202100034446,1,1,1,7,48.72191,2.56269,2021-06-14 18:10:00
1480,202100034620,1,2,1,7,48.81232,2.34965,2021-06-13 20:00:00
1481,202100034621,1,2,1,6,48.80834,2.36304,2021-06-13 19:10:00
1482,202100034622,1,2,1,3,48.77338,2.39947,2021-06-13 19:30:00
1483,202100034623,1,2,1,1,48.8348,2.547,2021-06-13 11:05:00
1484,202100034730,1,1,7,6,48.7760435069,2.4284361398,2021-06-13 06:45:00
1485,202100034793,1,2,1,6,48.7917,2.38347,2021-06-12 11:35:00
1486,202100034794,1,2,7,6,48.79748,2.5088,2021-06-12 12:30:00
1487,202100034795,5,2,1,4,48.7679,2.417357,2021-06-11 23:00:00
1488,202100034914,1,1,1,6,48.7761,2.42469,2021-06-12 15:00:00
1489,202100034915,1,1,1,2,48.8267840801,2.5141683324,2021-06-11 19:45:00
1490,202100034916,1,1,1,2,48.7542436863,2.3810453254,2021-06-11 17:45:00
1491,202100035073,5,2,1,6,48.799743,2.426047,2021-06-11 00:30:00
1492,202100035074,1,2,1,3,48.78274,2.39389,2021-06-10 15:05:00
1493,202100035075,1,2,1,3,48.849191,2.496096,2021-06-10 19:10:00
1494,202100035076,1,2,1,3,48.814274,2.421122,2021-06-11 09:27:00
1495,202100035077,1,2,1,3,48.79597,2.36836,2021-06-11 13:35:00
1496,202100035078,1,2,1,3,48.80069,2.36508,2021-06-11 13:30:00
1497,202100035079,1,2,1,3,48.77416,2.43964,2021-06-11 20:30:00
1498,202100035080,1,2,1,3,48.76805,2.48774,2021-06-10 16:10:00
1499,202100035081,1,2,1,6,48.74733,2.47798,2021-06-11 20:15:00
1500,202100035198,1,1,1,3,48.830322896,2.4893496496,2021-06-11 09:20:00
1501,202100035332,1,2,1,3,48.8,2.41,2021-06-09 11:30:00
1502,202100035333,1,2,1,6,48.73017,2.44838,2021-06-10 11:20:00
1503,202100035334,1,2,1,1,48.80725,2.47129,2021-06-09 18:12:00
1504,202100035335,1,2,1,6,48.79808,2.48025,2021-06-09 11:00:00
1505,202100035336,1,2,1,1,48.85322,2.44851,2021-06-10 16:50:00
1506,202100035337,1,2,1,3,48.77471,2.443917,2021-06-10 10:00:00
1507,202100035338,1,2,1,6,48.76629,2.42109,2021-06-09 10:30:00
1508,202100035425,1,1,1,6,48.75859,2.33678,2021-06-10 19:00:00
1509,202100035426,1,1,1,3,48.75179,2.32987,2021-06-10 19:05:00
1510,202100035439,1,1,1,2,48.81076,2.44891,2021-06-10 19:50:00
1511,202100035443,1,1,1,4,48.8175286642,2.422515171,2021-06-10 08:40:00
1512,202100035555,1,2,1,1,48.81221,2.48532,2021-06-08 18:10:00
1513,202100035556,1,2,1,6,48.796227,2.500311,2021-06-08 16:00:00
1514,202100035557,1,2,1,1,48.79969,2.44119,2021-06-09 14:30:00
1515,202100035558,5,2,1,6,48.8063,2.44254,2021-06-09 00:30:00
1516,202100035559,1,2,1,6,48.78787,2.44653,2021-06-08 10:30:00
1517,202100035560,2,2,1,2,48.77014,2.4256,2021-06-09 06:30:00
1518,202100035561,1,2,1,7,48.826239,2.505272,2021-06-09 19:50:00
1519,202100035562,5,2,1,3,48.813329,2.511734,2021-06-08 23:20:00
1520,202100035650,1,1,1,7,48.8008785309,2.3418099706,2021-06-09 17:10:00
1521,202100035652,1,1,1,2,48.75923,2.32369,2021-06-09 08:30:00
1522,202100035659,1,1,1,4,48.76978,2.38053,2021-06-09 17:25:00
1523,202100035764,1,2,1,6,48.81537,2.420839,2021-06-08 19:25:00
1524,202100035765,1,2,1,3,48.78849,2.36172,2021-06-08 17:45:00
1525,202100035766,1,2,1,3,48.80995,2.32756,2021-06-08 08:00:00
1526,202100035767,1,2,1,2,48.75868,2.39455,2021-06-08 19:00:00
1527,202100035768,1,2,1,6,48.77349,2.33582,2021-06-08 16:10:00
1528,202100035769,1,2,1,6,48.8074475813,2.5756716728,2021-06-08 09:00:00
1529,202100035770,1,2,1,3,48.774991,2.513172,2021-06-08 18:50:00
1530,202100035857,1,1,1,3,48.75942,2.32254,2021-06-08 12:32:00
1531,202100035858,1,1,1,4,48.75439,2.33272,2021-06-08 14:00:00
1532,202100035951,2,2,1,3,48.834222,2.417011,2021-06-06 21:50:00
1533,202100035952,1,2,1,3,48.835033,2.419783,2021-06-07 16:45:00
1534,202100035953,1,2,1,1,48.7355,2.4467,2021-06-07 06:00:00
1535,202100035954,1,2,1,3,48.813006,2.468433,2021-06-07 18:05:00
1536,202100035955,1,2,1,3,48.78027,2.47609,2021-06-07 18:30:00
1537,202100035956,1,2,1,1,48.774345,2.439805,2021-06-07 07:20:00
1538,202100035957,5,2,1,3,48.76714,2.40383,2021-06-07 22:20:00
1539,202100036105,1,2,1,1,48.7899,2.3908,2021-06-06 17:50:00
1540,202100036106,5,2,1,3,48.78857,2.37533,2021-06-06 00:40:00
1541,202100036107,5,2,1,3,48.794405,2.358111,2021-06-06 00:15:00
1542,202100036108,3,1,1,7,48.80147,2.44668,2021-06-05 23:13:00
1543,202100036200,1,1,1,2,48.75483,2.34645,2021-06-06 13:05:00
1544,202100036210,1,1,1,4,48.827286427,2.4692556276,2021-06-06 11:50:00
1545,202100036270,1,2,1,7,48.72179,2.44651,2021-06-05 14:20:00
1546,202100036271,5,2,1,6,48.79832,2.34683,2021-06-05 04:00:00
1547,202100036272,1,2,1,1,48.80164,2.40222,2021-06-05 17:15:00
1548,202100036273,1,1,1,6,48.75337,2.36109,2021-06-05 18:00:00
1549,202100036274,1,2,1,3,48.84734,2.48502,2021-06-05 14:30:00
1550,202100036275,1,2,1,2,48.76633,2.48985,2021-06-05 20:30:00
1551,202100036276,1,2,7,3,48.81994,2.39723,2021-05-25 11:10:00
1552,202100036277,1,1,1,4,48.7275296527,2.5413179398,2021-06-05 13:50:00
1553,202100036356,1,1,1,3,48.81721,2.42956,2021-06-05 16:20:00
1554,202100036476,1,2,1,2,48.79316,2.40112,2021-06-03 12:20:00
1555,202100036477,1,2,2,7,48.7920152968,2.3665188659,2021-06-04 09:00:00
1556,202100036478,2,2,8,6,48.81249,2.38619,2021-06-04 20:50:00
1557,202100036479,1,2,8,1,48.81142,2.51528,2021-06-04 17:50:00
1558,202100036480,1,2,1,3,48.81379,2.51022,2021-06-02 15:20:00
1559,202100036481,1,2,2,6,48.7731520075,2.5180001557,2021-06-04 08:40:00
1560,202100036566,1,1,8,2,48.75581,2.34237,2021-06-04 09:10:00
1561,202100036652,1,2,1,6,48.78858,2.36835,2021-06-03 15:50:00
1562,202100036653,2,2,1,1,48.81152,2.53661,2021-06-03 21:40:00
1563,202100036654,1,2,1,3,48.80093,2.42231,2021-06-03 12:00:00
1564,202100036655,1,2,1,7,48.81451,2.41213,2021-06-02 13:35:00
1565,202100036743,1,1,1,2,48.7945105647,2.4421620369,2021-06-03 19:30:00
1566,202100036744,1,1,1,4,48.7761421973,2.4306734133,2021-06-03 08:40:00
1567,202100036745,1,1,1,2,48.83028,2.49575,2021-06-02 16:18:00
1568,202100036846,5,2,1,7,48.80773,2.40767,2021-06-01 22:10:00
1569,202100036847,5,2,1,6,48.776461011,2.3976159096,2021-05-30 01:30:00
1570,202100036848,1,2,1,5,48.733485,2.451827,2021-06-02 15:50:00
1571,202100036849,1,2,1,3,48.73993,2.4526,2021-06-02 09:10:00
1572,202100036850,1,2,1,3,48.79788,2.49761,2021-06-01 12:15:00
1573,202100036851,1,2,1,1,48.78446,2.36327,2021-06-02 20:10:00
1574,202100036852,1,2,1,7,48.8062603318,2.3338647137,2021-06-02 16:45:00
1575,202100036853,1,2,1,6,48.81566,2.39345,2021-06-02 12:10:00
1576,202100036854,1,2,1,6,48.81224,2.39182,2021-06-01 08:47:00
1577,202100036855,1,2,1,7,48.75426,2.32693,2021-06-02 12:10:00
1578,202100036856,1,2,1,4,48.77065,2.40149,2021-06-02 12:45:00
1579,202100036857,1,2,1,3,48.731174,2.441971,2021-06-02 08:00:00
1580,202100036858,1,2,1,6,48.812203,2.513861,2021-05-20 10:30:00
1581,202100037057,1,2,1,6,48.7429083635,2.4832749367,2021-06-01 10:30:00
1582,202100037058,1,2,1,3,48.80945,2.47099,2021-05-31 18:00:00
1583,202100037059,1,2,1,1,48.81774,2.37581,2021-05-30 18:50:00
1584,202100037060,1,2,1,3,48.78544,2.44993,2021-05-31 17:00:00
1585,202100037061,1,2,1,3,48.81805,2.39489,2021-06-01 18:20:00
1586,202100037062,2,2,1,7,48.69568,2.55503,2021-06-01 21:38:00
1587,202100037063,1,2,1,3,48.79461,2.42549,2021-05-31 17:30:00
1588,202100037064,1,2,1,3,48.79825,2.42053,2021-05-29 20:10:00
1589,202100037143,1,1,1,2,48.76003,2.32099,2021-06-01 09:55:00
1590,202100037153,1,1,1,6,48.8283679668,2.4755835633,2021-06-01 18:20:00
1591,202100037279,1,2,1,6,48.74772,2.427516,2021-03-24 17:00:00
1592,202100037299,1,2,1,3,48.7931978315,2.4344801901,2021-05-31 20:55:00
1593,202100037300,1,2,1,3,48.81445,2.425138,2021-05-31 14:50:00
1594,202100037301,1,2,1,6,48.78768,2.36785,2021-05-31 15:00:00
1595,202100037302,1,2,1,3,48.80522,2.33809,2021-05-31 14:30:00
1596,202100037303,1,2,1,6,48.815827,2.403175,2021-05-31 20:40:00
1597,202100037304,5,2,1,3,48.77689,2.44145,2021-05-30 02:11:00
1598,202100037305,1,2,1,3,48.7677,2.50845,2021-05-31 18:46:00
1599,202100037398,1,1,1,6,48.8552398797,2.489336729,2021-05-31 16:00:00
1600,202100037455,1,2,1,2,48.72903,2.44709,2021-05-30 18:24:00
1601,202100037456,1,2,1,6,48.7664,2.3679,2021-05-30 08:35:00
1602,202100037457,1,2,1,6,48.81364,2.51018,2021-05-30 12:40:00
1603,202100037546,5,1,1,6,48.8016451608,2.3434246537,2021-05-30 01:00:00
1604,202100037624,1,2,1,3,48.81958,2.39805,2021-05-29 11:00:00
1605,202100037625,1,2,1,6,48.761215158,2.4966752529,2021-05-29 18:15:00
1606,202100037626,1,2,1,3,48.74045,2.42511,2021-05-29 19:50:00
1607,202100037627,1,2,1,2,48.76685,2.41418,2021-05-29 15:45:00
1608,202100037628,1,2,1,6,48.813809,2.510263,2021-05-29 11:25:00
1609,202100037629,1,2,1,3,48.77051,2.5058,2021-05-29 10:45:00
1610,202100037630,2,2,1,3,48.80629,2.4185,2021-05-28 21:00:00
1611,202100037719,1,1,1,6,48.767116,2.343651,2021-05-29 12:05:00
1612,202100037726,3,1,1,3,48.79629,2.44342,2021-05-28 21:30:00
1613,202100037843,1,2,1,6,48.80348,2.37751,2021-05-28 17:35:00
1614,202100037844,3,2,1,6,48.7778,2.37649,2021-05-27 23:30:00
1615,202100037845,1,2,1,6,48.7815,2.38189,2021-05-27 18:00:00
1616,202100037846,5,2,1,1,48.784616,2.354577,2021-05-29 23:00:00
1617,202100037847,1,2,1,6,48.79773,2.34327,2021-05-28 17:34:00
1618,202100037848,1,2,1,3,48.82143,2.39416,2021-05-28 19:30:00
1619,202100037849,5,2,1,1,48.79089,2.40229,2021-05-28 04:50:00
1620,202100037850,1,2,1,3,48.76575,2.32788,2021-05-28 14:20:00
1621,202100037851,2,2,1,6,48.763231,2.358496,2021-05-28 05:30:00
1622,202100037852,1,2,1,2,48.7674,2.4673,2021-05-18 18:30:00
1623,202100037853,1,2,1,6,48.775962,2.435153,2021-05-27 08:30:00
1624,202100037854,1,2,1,1,48.77369,2.42241,2021-05-28 19:54:00
1625,202100037855,1,2,1,3,48.83486,2.543,2021-05-27 11:15:00
1626,202100037856,2,2,1,6,48.75609,2.498415,2021-05-28 20:00:00
1627,202100037945,1,1,1,2,48.75955,2.32229,2021-05-28 13:55:00
1628,202100038047,1,2,2,3,48.80188,2.49336,2021-05-26 15:20:00
1629,202100038048,1,2,1,6,48.804,2.48731,2021-05-26 11:15:00
1630,202100038049,2,2,1,2,48.79675,2.43088,2021-05-27 05:29:00
1631,202100038050,5,2,1,3,48.812,2.36138,2021-05-27 21:15:00
1632,202100038051,1,2,1,3,48.81407,2.37671,2021-05-27 20:05:00
1633,202100038052,1,2,1,3,48.75937,2.33278,2021-05-27 20:25:00
1634,202100038053,1,2,1,1,48.8437,2.465,2021-05-17 13:25:00
1635,202100038054,1,2,1,3,48.81952,2.48688,2021-05-22 20:25:00
1636,202100038141,1,1,2,6,48.84994,2.49093,2021-05-26 07:15:00
1637,202100038229,1,2,2,4,48.78566,2.3878,2021-05-26 16:40:00
1638,202100038230,1,2,2,2,48.762179,2.333151,2021-05-25 14:05:00
1639,202100038231,1,2,1,3,48.74761,2.41781,2021-05-26 18:30:00
1640,202100038232,1,2,1,4,48.75489,2.41157,2021-05-26 13:48:00
1641,202100038233,1,2,8,3,48.77539,2.54826,2021-05-26 19:45:00
1642,202100038307,1,1,1,5,48.76027,2.32045,2021-05-26 08:50:00
1643,202100038404,1,2,1,3,48.78317,2.39397,2021-05-24 19:15:00
1644,202100038405,1,2,1,2,48.7914962156,2.3615136137,2021-05-25 08:15:00
1645,202100038406,1,2,1,6,48.77761,2.44444,2021-05-25 11:40:00
1646,202100038407,5,2,8,6,48.770671526,2.4269614218,2021-05-25 01:45:00
1647,202100038408,1,2,1,1,48.76,2.51,2021-05-25 20:00:00
1648,202100038491,1,1,1,4,48.75946,2.3234,2021-05-24 19:30:00
1649,202100038501,1,1,1,4,48.8174754142,2.4324596446,2021-05-25 14:00:00
1650,202100038535,1,2,1,3,48.85805,2.493511,2021-05-24 20:20:00
1651,202100038536,1,2,2,2,48.78837,2.45141,2021-05-24 15:20:00
1652,202100038537,2,2,1,3,48.8199,2.4826,2021-05-24 19:40:00
1653,202100038538,1,1,1,3,48.720241,2.565897,2021-05-23 19:00:00
1654,202100038539,2,2,1,7,48.78977,2.42851,2021-05-24 20:45:00
1655,202100038655,1,2,1,3,48.75765,2.39052,2021-05-23 16:59:00
1656,202100038656,1,2,1,2,48.73076,2.42556,2021-05-23 16:21:00
1657,202100038723,1,1,1,4,48.77431,2.34625,2021-05-23 12:50:00
1658,202100038728,1,1,1,4,48.783803,2.4404,2021-05-23 15:15:00
1659,202100038729,1,1,1,2,48.8521422803,2.4902740888,2021-05-23 14:00:00
1660,202100038731,3,1,1,6,48.80787,2.44902,2021-05-23 03:00:00
1661,202100038783,1,2,2,3,48.75518,2.37494,2021-05-22 16:40:00
1662,202100038784,5,2,1,2,48.81921,2.40529,2021-05-21 22:45:00
1663,202100038785,1,2,2,2,48.80626,2.5311,2021-05-22 17:50:00
1664,202100038786,1,2,1,3,48.815792,2.503808,2021-05-22 11:00:00
1665,202100038787,5,2,1,6,48.82248,2.39772,2021-05-21 23:30:00
1666,202100038868,1,1,1,2,48.82437,2.39419,2021-05-21 09:30:00
1667,202100038974,1,2,1,6,48.79752,2.47518,2021-05-21 15:40:00
1668,202100038975,1,2,1,2,48.81345,2.38859,2021-05-21 13:17:00
1669,202100038976,1,2,1,6,48.8,2.45,2021-05-21 17:20:00
1670,202100038977,1,2,1,3,48.77275,2.49052,2021-05-21 16:23:00
1671,202100038978,1,2,1,3,48.78387,2.44789,2021-05-21 13:35:00
1672,202100038979,5,2,1,6,48.805,2.40013,2021-05-20 22:55:00
1673,202100038980,1,2,8,6,48.7462759557,2.510740757,2021-05-21 18:40:00
1674,202100038981,1,2,1,2,48.7473795714,2.5097966194,2021-05-21 12:40:00
1675,202100038982,1,2,1,3,48.76683,2.50644,2021-05-21 12:00:00
1676,202100039051,1,1,1,2,48.77617,2.43527,2021-05-21 12:10:00
1677,202100039149,1,2,1,2,48.77597,2.35782,2021-05-20 19:10:00
1678,202100039150,1,2,1,3,48.78302,2.48776,2021-05-20 08:40:00
1679,202100039151,1,2,1,3,48.770691,2.489853,2021-05-19 20:45:00
1680,202100039152,1,2,1,6,48.81265,2.51414,2021-05-20 11:30:00
1681,202100039153,1,1,1,4,48.72426,2.55907,2021-05-20 09:00:00
1682,202100039244,1,1,1,3,48.8271790507,2.5086856622,2021-05-20 13:30:00
1683,202100039245,1,1,1,7,48.81758,2.43505,2021-05-20 08:50:00
1684,202100039322,1,2,1,3,48.7862,2.39179,2021-05-19 14:40:00
1685,202100039323,1,2,1,3,48.840156,2.417582,2021-05-19 19:25:00
1686,202100039324,1,2,1,3,48.72118,2.44294,2021-05-19 19:03:00
1687,202100039325,1,2,1,3,48.8046741297,2.4857372046,2021-05-19 07:30:00
1688,202100039326,2,2,1,3,48.7724,2.3676,2021-05-19 21:00:00
1689,202100039327,1,2,1,1,48.7912216003,2.4446511269,2021-05-18 14:45:00
1690,202100039328,1,2,1,1,48.733,2.517,2021-05-19 12:44:00
1691,202100039329,1,2,1,3,48.79933,2.42523,2021-05-18 13:10:00
1692,202100039390,1,1,1,4,48.7595,2.3222,2021-05-19 18:34:00
1693,202100039392,5,1,1,7,48.80166,2.34204,2021-05-19 02:12:00
1694,202100039402,3,1,2,6,48.7580093028,2.4707581809,2021-05-18 23:43:00
1695,202100039481,1,2,2,6,48.774352,2.354493,2021-05-18 17:36:00
1696,202100039482,1,2,1,3,48.758804,2.395075,2021-05-18 07:31:00
1697,202100039538,1,1,1,2,48.8160576852,2.3584841271,2021-05-18 13:20:00
1698,202100039545,1,1,1,4,48.760995,2.382242,2021-05-18 16:00:00
1699,202100039614,1,2,1,7,48.807464,2.354696,2021-05-17 17:35:00
1700,202100039615,1,2,1,2,48.7285434284,2.4336104695,2021-05-17 19:30:00
1701,202100039616,1,2,2,4,48.81712,2.53488,2021-05-17 08:40:00
1702,202100039679,1,1,1,4,48.7755,2.41311,2021-05-17 08:00:00
1703,202100039723,1,2,1,3,48.80473,2.53524,2021-05-16 16:40:00
1704,202100039724,1,2,8,6,48.82258,2.49271,2021-05-16 19:00:00
1705,202100039725,1,1,2,5,48.73433,2.52053,2021-05-16 19:30:00
1706,202100039786,1,1,1,4,48.77308,2.34607,2021-05-16 14:30:00
1707,202100039787,1,1,1,6,48.7547,2.3344,2021-05-16 06:30:00
1708,202100039792,1,1,1,4,48.75367,2.36463,2021-05-16 18:45:00
1709,202100039793,1,1,2,2,48.7559113677,2.3835111093,2021-05-16 17:00:00
1710,202100039796,1,1,1,5,48.82801,2.5052,2021-05-14 14:45:00
1711,202100039846,2,2,2,3,48.770296,2.44648,2021-05-15 05:55:00
1712,202100039847,1,2,2,2,48.79271,2.36933,2021-05-15 18:35:00
1713,202100039848,1,2,2,3,48.779176,2.331119,2021-05-15 11:40:00
1714,202100039849,5,2,1,6,48.77331,2.40984,2021-05-15 05:15:00
1715,202100039897,1,1,1,6,48.75501,2.33242,2021-05-15 19:05:00
1716,202100039899,1,1,2,6,48.77125,2.34544,2021-05-15 12:00:00
1717,202100039963,1,2,1,3,48.84664,2.41656,2021-05-14 15:25:00
1718,202100039964,1,2,2,3,48.79682,2.49114,2021-05-14 15:50:00
1719,202100039965,1,2,2,3,48.7899,2.4901,2021-05-14 09:57:00
1720,202100039966,1,2,1,2,48.78456,2.43656,2021-05-13 14:10:00
1721,202100039967,2,2,8,2,48.8082,2.52489,2021-05-14 06:40:00
1722,202100039968,1,2,8,7,48.72508,2.53678,2021-05-14 17:45:00
1723,202100040074,1,2,1,3,48.845107,2.488953,2021-05-12 13:30:00
1724,202100040075,1,2,1,1,48.78848,2.36723,2021-05-13 18:45:00
1725,202100040135,1,1,1,6,48.79425,2.44205,2021-05-12 19:20:00
1726,202100040227,1,2,1,2,48.745175,2.446523,2021-05-12 17:45:00
1727,202100040228,1,2,1,6,48.795395,2.494342,2021-05-11 18:45:00
1728,202100040229,1,2,1,3,48.80501,2.3767,2021-05-12 20:53:00
1729,202100040230,1,2,2,2,48.7842377248,2.4516892433,2021-05-11 16:50:00
1730,202100040294,1,1,1,2,48.78877,2.44009,2021-05-12 17:40:00
1731,202100040300,1,2,1,6,48.7647,2.48805,2021-02-19 16:00:00
1732,202100040375,5,2,1,3,48.79704,2.50485,2021-05-10 22:05:00
1733,202100040376,1,2,1,3,48.802,2.487,2021-05-10 12:30:00
1734,202100040377,1,2,1,2,48.7845415008,2.4699446253,2021-05-10 17:00:00
1735,202100040378,1,2,2,7,48.76816,2.40304,2021-05-11 15:10:00
1736,202100040435,1,1,1,4,48.82769,2.52551,2021-05-11 07:35:00
1737,202100040436,1,1,1,3,48.82913,2.48151,2021-05-10 14:00:00
1738,202100040515,2,2,2,6,48.81771,2.39731,2021-05-09 19:10:00
1739,202100040516,1,2,8,6,48.7693,2.36785,2021-05-10 17:20:00
1740,202100040517,5,2,2,2,48.757471,2.32768,2021-05-10 04:30:00
1741,202100040518,1,2,8,6,48.7686972359,2.3370194435,2021-05-09 10:10:00
1742,202100040519,3,2,1,6,48.77311,2.45807,2021-05-09 01:13:00
1743,202100040521,5,2,3,7,48.7309,2.42485,2021-05-10 04:00:00
1744,202100040522,1,2,1,6,48.82224,2.49793,2021-05-03 08:45:00
1745,202100040523,1,2,2,4,48.71835,2.569193,2021-05-10 07:25:00
1746,202100040582,1,1,1,3,48.7579,2.3356,2021-05-10 06:30:00
1747,202100040584,1,1,8,4,48.8329741531,2.5336492518,2021-05-10 07:30:00
1748,202100040630,1,2,8,3,48.8358,2.4746,2021-05-09 18:45:00
1749,202100040631,2,2,1,3,48.82224,2.49793,2021-05-09 20:10:00
1750,202100040708,1,1,1,2,48.77342,2.34593,2021-05-09 12:40:00
1751,202100040717,1,1,1,4,48.82971,2.48624,2021-05-09 18:30:00
1752,202100040775,1,2,1,6,48.78655,2.3296,2021-05-08 17:05:00
1753,202100040862,1,1,1,2,48.7542436863,2.3810453254,2021-05-07 09:20:00
1754,202100040958,1,2,1,3,48.7954,2.3731,2021-05-07 15:00:00
1755,202100040959,1,2,1,3,48.8143471135,2.472643683,2021-05-07 18:00:00
1756,202100040960,1,2,1,3,48.7952,2.481,2021-05-07 15:50:00
1757,202100040961,1,2,1,3,48.85034,2.501318,2021-05-07 19:50:00
1758,202100040962,1,2,1,3,48.815343,2.360756,2021-05-07 19:20:00
1759,202100040963,1,2,1,1,48.767642,2.406307,2021-05-07 09:08:00
1760,202100040964,1,2,2,3,48.75891,2.50178,2021-05-06 07:08:00
1761,202100041041,1,1,1,2,48.7599,2.32104,2021-05-07 18:30:00
1762,202100041148,1,2,2,3,48.7858023476,2.4921476841,2021-05-06 13:50:00
1763,202100041149,1,2,2,7,48.7984562249,2.3485254983,2021-05-06 18:50:00
1764,202100041150,1,2,2,3,48.80189,2.34379,2021-05-06 11:10:00
1765,202100041151,5,2,1,3,48.7727560439,2.4002766609,2021-05-05 21:45:00
1766,202100041223,1,1,1,4,48.76171,2.31613,2021-05-06 19:00:00
1767,202100041224,1,1,1,7,48.77151,2.34512,2021-05-06 18:10:00
1768,202100041226,1,1,2,3,48.75984,2.33846,2021-05-06 14:05:00
1769,202100041228,1,1,2,6,48.7574006134,2.3290801048,2021-05-06 07:35:00
1770,202100041325,5,2,1,1,48.7942546995,2.4005871272,2021-05-04 23:40:00
1771,202100041326,1,2,1,1,48.80942,2.5106,2021-05-02 10:10:00
1772,202100041327,1,2,1,3,48.75386,2.33918,2021-05-05 07:43:00
1773,202100041328,1,2,2,3,48.81946,2.40673,2021-05-05 16:30:00
1774,202100041329,1,2,1,2,48.772681,2.510209,2021-05-05 13:50:00
1775,202100041330,1,2,1,4,48.80128,2.41665,2021-05-05 10:30:00
1776,202100041476,1,1,1,7,48.8132601417,2.3544788369,2021-05-04 16:30:00
1777,202100041482,1,1,1,4,48.82413,2.3946,2021-05-03 13:10:00
1778,202100041562,1,2,1,3,48.73069,2.459298,2021-05-03 18:05:00
1779,202100041563,2,2,1,4,48.8106,2.45707,2021-05-02 19:00:00
1780,202100041564,1,2,1,6,48.78498,2.32853,2021-05-03 16:00:00
1781,202100041565,1,1,1,4,48.72772,2.54721,2021-05-03 08:15:00