,Num_Acc,lum,agg,atm,col,lat,long,datetime
1782,202100041626,1,1,1,2,48.7753718554,2.3461481062,2021-05-03 15:25:00
1783,202100041628,1,1,1,2,48.75936,2.32335,2021-05-03 07:45:00
1784,202100041633,3,1,1,6,48.8263312336,2.5200426579,2021-05-03 04:20:00
1785,202100041634,1,2,3,4,48.74152,2.46689,2021-03-15 13:12:00
1786,202100041694,5,2,1,3,48.746,2.446,2021-05-02 20:50:00
1787,202100041695,1,2,1,6,48.82917,2.403455,2021-05-02 18:25:00
1788,202100041752,1,1,1,4,48.82913,2.49989,2021-05-02 19:15:00
1789,202100041754,5,1,1,6,48.77018,2.38255,2021-05-02 01:10:00
1790,202100041822,1,2,1,3,48.7876,2.4507,2021-05-01 18:00:00
1791,202100041823,1,2,1,3,48.79584,2.4259,2021-04-30 11:30:00
1792,202100041865,5,1,1,6,48.770201,2.381564,2021-04-30 22:49:00
1793,202100041866,1,1,1,4,48.8288,2.5014,2021-04-30 16:20:00
1794,202100041936,1,2,1,3,48.808814,2.509424,2021-04-28 19:10:00
1795,202100041937,1,2,1,3,48.78677,2.33747,2021-04-30 18:00:00
1796,202100041938,1,2,1,3,48.79635,2.33539,2021-04-30 08:30:00
1797,202100041939,1,2,1,6,48.75648,2.38748,2021-04-30 13:55:00
1798,202100041940,1,2,1,6,48.7912,2.46951,2021-04-30 19:27:00
1799,202100041941,1,2,1,2,48.76307,2.49411,2021-04-28 18:15:00
1800,202100041942,1,2,1,6,48.80161,2.54052,2021-04-30 10:50:00
1801,202100041943,1,2,1,2,48.76654,2.53229,2021-04-30 09:15:00
1802,202100042063,1,2,1,3,48.80617,2.46977,2021-04-28 16:45:00
1803,202100042064,1,2,8,2,48.85247,2.4816,2021-04-28 15:10:00
1804,202100042065,1,2,1,3,48.74683,2.42382,2021-04-29 18:50:00
1805,202100042066,1,2,1,3,48.81299,2.57319,2021-04-29 08:45:00
1806,202100042067,1,2,1,3,48.7774,2.51149,2021-04-29 15:55:00
1807,202100042068,5,2,1,3,48.7283199309,2.5397394598,2021-04-27 22:20:00
1808,202100042147,1,1,1,2,48.7595271748,2.4851417542,2021-04-29 18:30:00
1809,202100042217,1,2,1,6,48.750418,2.488485,2021-04-28 12:34:00
1810,202100042218,5,2,1,1,48.80218,2.33848,2021-04-28 05:45:00
1811,202100042219,1,2,1,6,48.808425,2.331666,2021-04-27 19:00:00
1812,202100042220,1,2,1,6,48.79636,2.42175,2021-04-27 19:00:00
1813,202100042363,1,2,1,6,48.847515,2.429028,2021-04-27 08:00:00
1814,202100042364,1,2,1,3,48.81528,2.3756,2021-04-26 19:00:00
1815,202100042365,1,2,1,1,48.7873,2.45612,2021-04-27 12:00:00
1816,202100042366,2,2,1,3,48.765204,2.408051,2021-04-27 20:40:00
1817,202100042418,1,1,1,3,48.75497,2.34479,2021-04-26 19:05:00
1818,202100042421,1,1,1,6,48.82734,2.46857,2021-04-27 19:05:00
1819,202100042509,1,2,1,3,48.785559,2.337903,2021-04-26 18:00:00
1820,202100042510,1,2,1,7,48.74478,2.39829,2021-04-26 18:55:00
1821,202100042511,1,2,1,2,48.74978,2.43419,2021-04-26 10:40:00
1822,202100042568,1,1,1,4,48.8173019527,2.4323648133,2021-04-26 18:00:00
1823,202100042569,1,1,1,3,48.7659410769,2.3790876024,2021-04-26 07:45:00
1824,202100042606,1,2,1,1,48.8552,2.45318,2021-04-25 19:30:00
1825,202100042607,1,2,1,2,48.7692929186,2.4214140425,2021-04-25 15:00:00
1826,202100042608,1,2,1,3,48.81648,2.45705,2021-04-25 19:05:00
1827,202100042709,1,2,1,6,48.806066,2.449976,2021-04-24 19:15:00
1828,202100042710,1,2,1,6,48.75751,2.3163,2021-04-24 17:45:00
1829,202100042711,1,2,1,6,48.74476,2.39837,2021-04-24 18:45:00
1830,202100042712,1,2,1,6,48.812882,2.569828,2021-04-24 20:00:00
1831,202100042919,1,2,1,6,48.847906,2.440539,2021-04-23 12:50:00
1832,202100042920,1,2,1,3,48.792101,2.497146,2021-04-23 18:50:00
1833,202100042921,1,2,1,1,48.829605,2.473475,2021-04-23 18:05:00
1834,202100042922,1,2,1,3,48.78669,2.32355,2021-04-23 09:50:00
1835,202100042923,1,2,1,4,48.794976,2.354331,2021-04-23 08:30:00
1836,202100042924,5,2,1,1,48.80386,2.39571,2021-04-22 21:20:00
1837,202100042925,1,2,1,3,48.772129,2.40677,2021-04-23 07:57:00
1838,202100042926,1,2,1,6,48.832,2.543,2021-04-23 16:00:00
1839,202100043064,1,2,1,7,48.794887,2.510482,2021-04-22 13:45:00
1840,202100043065,1,2,2,3,48.793326,2.486685,2021-04-21 18:30:00
1841,202100043066,1,2,1,3,48.788566,2.370443,2021-04-22 19:45:00
1842,202100043067,5,2,1,3,48.81015,2.34075,2021-04-21 23:10:00
1843,202100043068,2,2,1,6,48.8174,2.39879,2021-04-22 19:35:00
1844,202100043069,1,2,1,3,48.8112,2.55661,2021-04-22 17:58:00
1845,202100043070,1,2,1,3,48.72719,2.53103,2021-04-21 12:40:00
1846,202100043207,1,2,1,3,48.80658,2.47112,2021-04-20 18:50:00
1847,202100043208,1,2,1,2,48.82148,2.39181,2021-04-20 17:09:00
1848,202100043354,1,2,1,6,48.847065,2.443369,2021-04-20 12:40:00
1849,202100043355,1,2,1,7,48.742737,2.493321,2021-04-20 19:10:00
1850,202100043356,1,2,1,3,48.809391,2.389594,2021-04-19 20:15:00
1851,202100043357,1,2,1,3,48.8,2.57,2021-04-19 20:00:00
1852,202100043470,1,2,1,6,48.798,2.382,2021-04-19 16:45:00
1853,202100043471,1,2,1,3,48.7544,2.428,2021-04-19 16:10:00
1854,202100043472,1,2,1,1,48.76863,2.32866,2021-04-19 08:50:00
1855,202100043473,1,2,1,2,48.7281179983,2.5396928786,2021-04-19 11:37:00
1856,202100043560,2,2,1,3,48.730388,2.446915,2021-04-18 20:20:00
1857,202100043561,1,2,1,3,48.8082392173,2.4434407055,2021-04-18 16:05:00
1858,202100043562,1,2,1,3,48.77777,2.46179,2021-04-17 12:50:00
1859,202100043605,1,1,1,6,48.80066,2.34206,2021-04-18 19:05:00
1860,202100043654,2,2,1,1,48.7910007683,2.5069173695,2021-04-17 20:35:00
1861,202100043655,5,2,1,3,48.8029298981,2.510279417,2021-04-17 04:55:00
1862,202100043656,1,2,1,3,48.78525,2.36993,2021-04-17 18:30:00
1863,202100043657,1,2,1,6,48.799286,2.355153,2021-04-17 13:00:00
1864,202100043658,1,2,1,3,48.816546,2.370132,2021-04-17 19:30:00
1865,202100043659,1,2,1,3,48.78761,2.43589,2021-04-17 10:15:00
1866,202100043660,1,2,1,2,48.7957,2.54997,2021-04-17 19:30:00
1867,202100043723,1,1,1,3,48.7617,2.31549,2021-04-17 19:00:00
1868,202100043724,1,1,1,4,48.75629,2.3416,2021-04-17 13:15:00
1869,202100043800,1,2,1,3,48.793847,2.508147,2021-04-15 17:10:00
1870,202100043801,1,2,1,6,48.78747,2.33282,2021-04-15 10:30:00
1871,202100043802,1,2,1,7,48.848961,2.463201,2021-04-15 18:55:00
1872,202100043803,1,2,1,5,48.762505,2.494976,2021-04-16 20:00:00
1873,202100043804,1,2,1,1,48.80994,2.57211,2021-04-14 08:45:00
1874,202100043805,1,2,1,3,48.82742,2.54564,2021-04-16 18:35:00
1875,202100043806,1,2,1,6,48.749219,2.557061,2021-04-16 11:15:00
1876,202100043854,1,1,1,3,48.7690354532,2.4499019295,2021-04-16 17:30:00
1877,202100043855,5,1,1,6,48.7538424491,2.3542632476,2021-04-16 06:00:00
1878,202100043918,1,2,1,6,48.782567,2.38085,2021-04-15 16:45:00
1879,202100043919,1,2,1,3,48.78,2.4,2021-04-14 18:45:00
1880,202100043920,1,2,1,3,48.8,2.39,2021-04-14 15:50:00
1881,202100043921,5,2,1,2,48.7272,2.4453,2021-04-15 05:07:00
1882,202100043922,1,2,1,2,48.80422,2.44376,2021-04-15 19:48:00
1883,202100043923,1,2,1,6,48.7669,2.3529413,2021-04-07 17:20:00
1884,202100043924,1,2,1,3,48.81722,2.50964,2021-04-15 14:50:00
1885,202100043925,1,2,1,2,48.76403,2.52954,2021-04-15 19:40:00
1886,202100043926,1,2,1,2,48.71913,2.56779,2021-04-15 17:30:00
1887,202100043997,1,1,1,2,48.7738141386,2.4033475616,2021-04-15 17:05:00
1888,202100043998,3,1,1,4,48.8176262494,2.4173841935,2021-04-14 06:30:00
1889,202100044054,1,2,1,3,48.799441,2.499045,2021-04-12 19:30:00
1890,202100044055,1,2,1,3,48.82206,2.39979,2021-04-14 16:45:00
1891,202100044172,1,2,1,2,48.7668,2.4847,2021-04-12 14:30:00
1892,202100044173,1,2,1,2,48.738557,2.423684,2021-04-12 07:45:00
1893,202100044174,1,2,1,2,48.8243464181,2.3995041847,2021-04-13 12:40:00
1894,202100044232,2,1,1,3,48.7741495852,2.4071918252,2021-04-12 07:50:00
1895,202100044305,1,2,1,6,48.77367,2.46732,2021-04-12 11:59:00
1896,202100044372,1,2,1,2,48.78311,2.44748,2021-04-11 16:15:00
1897,202100044373,5,2,2,1,48.79029,2.40465,2021-04-10 23:20:00
1898,202100044374,5,2,1,3,48.74468,2.45951,2021-04-11 21:40:00
1899,202100044427,1,1,2,6,48.76059,2.33928,2021-04-11 11:06:00
1900,202100044435,1,1,2,6,48.75348,2.3801,2021-04-11 10:35:00
1901,202100044436,1,1,2,3,48.7765536047,2.4191581146,2021-04-11 09:20:00
1902,202100044437,5,1,2,4,48.8304354758,2.4932061611,2021-04-11 00:30:00
1903,202100044489,1,2,1,3,48.7999,2.4976,2021-04-09 16:00:00
1904,202100044490,1,2,1,6,48.756,2.322,2021-04-07 10:15:00
1905,202100044598,1,2,1,1,48.775,2.378,2021-04-08 16:20:00
1906,202100044599,1,2,1,3,48.79125,2.36987,2021-04-09 14:30:00
1907,202100044600,1,2,1,3,48.763684,2.403424,2021-04-09 10:15:00
1908,202100044601,1,2,1,1,48.754017,2.382636,2021-04-09 08:30:00
1909,202100044602,1,2,1,2,48.78712,2.46846,2021-04-09 14:25:00
1910,202100044603,1,2,1,1,48.79804,2.53372,2021-04-09 16:50:00
1911,202100044604,1,2,1,2,48.78001,2.57818,2021-04-09 12:20:00
1912,202100044605,5,2,3,6,48.823255,2.51042,2021-04-09 19:40:00
1913,202100044606,2,2,1,6,48.79932,2.42506,2021-04-09 19:00:00
1914,202100044649,1,1,1,2,48.8108627407,2.4489178981,2021-04-09 09:00:00
1915,202100044721,1,2,1,3,48.800701,2.484325,2021-04-07 12:30:00
1916,202100044722,1,2,1,3,48.820085,2.476883,2021-04-08 15:40:00
1917,202100044723,1,2,1,6,48.850152,2.496606,2021-04-08 14:15:00
1918,202100044724,1,2,1,6,48.82004,2.4734,2021-04-08 12:55:00
1919,202100044725,2,2,1,3,48.765204,2.408051,2021-04-07 20:15:00
1920,202100044726,1,2,1,2,48.72747,2.53108,2021-04-08 09:45:00
1921,202100044840,1,2,1,2,48.78925,2.36844,2021-04-06 13:00:00
1922,202100044841,1,2,1,6,48.7791,2.4922,2021-04-07 10:00:00
1923,202100044842,1,2,2,3,48.7702,2.468,2021-04-06 17:00:00
1924,202100044843,5,2,1,2,48.77475,2.48776,2021-04-04 03:54:00
1925,202100044844,1,2,1,7,48.769127,2.422047,2021-04-07 07:50:00
1926,202100044845,5,2,1,3,48.81596,2.50286,2021-04-07 00:10:00
1927,202100044846,3,2,1,6,48.80272,2.4253,2021-04-06 21:00:00
1928,202100044901,1,1,1,2,48.7536127064,2.3611575387,2021-04-07 08:45:00
1929,202100044902,1,1,1,7,48.82791,2.50364,2021-04-07 08:15:00
1930,202100044978,1,2,4,6,48.791,2.394,2021-04-06 17:25:00
1931,202100044979,1,2,1,2,48.81474,2.4634,2021-04-06 14:05:00
1932,202100044980,1,2,1,3,48.806172,2.349941,2021-04-06 13:15:00
1933,202100044981,1,2,1,6,48.7581,2.34408,2021-04-06 11:45:00
1934,202100045012,1,1,1,5,48.8520234289,2.4897042795,2021-04-06 19:30:00
1935,202100045013,1,1,1,4,48.8507,2.49071,2021-04-06 17:00:00
1936,202100045039,1,2,1,6,48.84987,2.43455,2021-04-04 16:49:00
1937,202100045040,1,2,1,6,48.82772,2.54395,2021-04-05 16:00:00
1938,202100045041,1,2,2,2,48.7813699069,2.5719380379,2021-04-05 14:15:00
1939,202100045094,1,1,1,6,48.78664,2.34504,2021-04-05 15:30:00
1940,202100045103,1,2,1,6,48.79351,2.39594,2021-04-02 18:50:00
1941,202100045146,5,2,1,2,48.73878,2.446857,2021-04-11 22:24:00
1942,202100045147,1,2,1,3,48.791793,2.474073,2021-04-04 17:15:00
1943,202100045148,5,2,1,3,48.78405,2.36724,2021-04-04 21:30:00
1944,202100045149,1,2,1,2,48.7946,2.36034,2021-04-04 19:05:00
1945,202100045150,1,2,1,3,48.801447,2.359491,2021-04-04 14:00:00
1946,202100045151,1,2,1,2,48.781245,2.437381,2021-04-04 16:30:00
1947,202100045203,2,1,1,6,48.81726,2.42169,2021-04-02 20:20:00
1948,202100045250,1,2,1,3,48.73305,2.45081,2021-04-02 17:58:00
1949,202100045251,1,2,1,2,48.79985871,2.47091677,2021-04-02 14:30:00
1950,202100045252,1,2,7,1,48.81214,2.35712,2021-04-03 16:30:00
1951,202100045253,1,2,1,3,48.73763,2.42145,2021-04-03 16:11:00
1952,202100045435,1,2,1,3,48.78824,2.48527,2021-04-02 14:45:00
1953,202100045436,5,2,1,3,48.81678,2.333709,2021-04-02 20:50:00
1954,202100045437,1,2,1,3,48.81348,2.38898,2021-04-02 17:35:00
1955,202100045438,1,2,1,6,48.81468,2.40188,2021-04-02 16:15:00
1956,202100045439,1,2,1,6,48.81325,2.38513,2021-04-02 15:05:00
1957,202100045440,1,2,1,3,48.81994,2.42024,2021-04-02 16:35:00
1958,202100045441,1,2,1,3,48.840519,2.474235,2021-04-02 21:20:00
1959,202100045523,1,1,1,4,48.7876582956,2.3449126072,2021-04-01 15:05:00
1960,202100045527,5,1,1,6,48.84329,2.49259,2021-04-02 21:10:00
1961,202100045641,1,2,1,3,48.78196,2.40779,2021-04-01 17:45:00
1962,202100045642,1,2,1,3,48.75236,2.47259,2021-04-01 10:10:00
1963,202100045643,1,2,1,2,48.81069,2.46989,2021-03-31 18:30:00
1964,202100045644,1,2,1,6,48.78717,2.36783,2021-04-01 12:30:00
1965,202100045645,1,2,1,3,48.79462,2.36025,2021-04-01 11:30:00
1966,202100045646,1,2,1,3,48.7913,2.4648,2021-04-01 19:44:00
1967,202100045647,1,2,1,3,48.80508,2.55783,2021-04-01 08:20:00
1968,202100045648,3,2,1,3,48.76438,2.52542,2021-04-01 06:30:00
1969,202100045800,1,2,1,3,48.84519,2.43167,2021-03-31 11:50:00
1970,202100045801,2,2,1,2,48.81426,2.42379,2021-03-31 19:10:00
1971,202100045802,5,2,1,1,48.82173,2.39346,2021-03-31 21:35:00
1972,202100045803,1,2,1,3,48.81254,2.36834,2021-03-31 18:40:00
1973,202100045804,5,2,1,7,48.766733,2.354028,2021-03-31 21:15:00
1974,202100045805,1,2,1,3,48.77179,2.49019,2021-03-30 16:05:00
1975,202100045806,1,2,1,3,48.7629303844,2.403707656,2021-03-31 09:30:00
1976,202100045881,1,1,1,5,48.77563,2.34653,2021-03-31 18:00:00
1977,202100045886,3,1,1,6,48.8165584712,2.4494408898,2021-03-30 21:00:00
1978,202100045895,1,1,1,2,48.81719,2.43047,2021-03-29 16:40:00
1979,202100045897,5,1,1,2,48.8359,2.5469,2021-01-19 20:00:00
1980,202100045901,1,2,2,1,48.811891,2.381951,2021-03-25 08:55:00
1981,202100045988,1,2,1,6,48.845107,2.488953,2021-03-29 17:50:00
1982,202100045989,5,2,1,3,48.78737,2.35418,2021-03-30 22:00:00
1983,202100045990,1,2,1,3,48.798329,2.542664,2021-03-30 09:20:00
1984,202100045991,1,2,1,3,48.78804,2.53976,2021-03-29 10:20:00
1985,202100046055,1,1,1,2,48.82748,2.4702,2021-03-30 17:50:00
1986,202100046057,1,1,1,4,48.81674,2.44706,2021-03-29 18:30:00
1987,202100046143,1,2,1,3,48.80439,2.43252,2021-03-28 17:46:00
1988,202100046144,1,2,1,3,48.81227,2.37401,2021-03-29 18:30:00
1989,202100046145,1,2,1,2,48.81555,2.3933,2021-03-29 13:00:00
1990,202100046146,5,2,1,3,48.85398,2.49307,2021-03-29 00:30:00
1991,202100046147,1,2,1,3,48.823178481,2.4198211174,2021-03-29 19:30:00
1992,202100046207,1,1,1,6,48.7706,2.38576,2021-03-29 07:30:00
1993,202100046247,1,2,1,2,48.837867,2.41797,2021-03-28 18:10:00
1994,202100046248,1,2,1,3,48.748288,2.435474,2021-03-28 15:00:00
1995,202100046249,1,2,1,2,48.8510959666,2.5129723549,2021-03-28 18:50:00
1996,202100046250,1,2,1,6,48.80392,2.38432,2021-03-28 11:15:00
1997,202100046251,1,2,7,3,48.753793,2.326345,2021-03-28 18:30:00
1998,202100046252,1,2,1,7,48.81949,2.40413,2021-03-28 11:00:00
1999,202100046388,1,2,1,6,48.8446,2.42014,2021-03-24 08:45:00
2000,202100046389,1,2,1,3,48.83108,2.46876,2021-03-25 16:55:00
2001,202100046390,1,2,1,3,48.80815,2.35709,2021-03-27 14:05:00
2002,202100046391,1,2,1,6,48.7681,2.37318,2021-03-26 12:35:00
2003,202100046392,1,2,1,6,48.80634,2.55417,2021-03-27 14:50:00
2004,202100046393,1,2,8,3,48.79823,2.42051,2021-03-27 17:30:00
2005,202100046558,1,1,1,4,48.82801,2.47309,2021-03-14 15:30:00
2006,202100046649,1,2,1,3,48.7981,2.50911,2021-03-24 17:00:00
2007,202100046650,1,2,1,6,48.81493,2.36074,2021-03-25 14:40:00
2008,202100046651,1,2,1,2,48.80522,2.38905,2021-03-25 14:45:00
2009,202100046652,1,2,2,6,48.76265,2.39362,2021-03-25 12:20:00
2010,202100046653,1,2,1,1,48.809,2.519,2021-03-25 09:00:00
2011,202100046654,1,2,1,3,48.708551,2.529489,2021-03-25 18:20:00
2012,202100046655,5,2,1,6,48.81418,2.41543,2021-03-25 19:50:00
2013,202100046717,1,1,2,3,48.8264762717,2.5200291693,2021-03-25 07:45:00
2014,202100046718,1,1,1,6,48.84917,2.49047,2021-03-24 07:45:00
2015,202100046719,1,1,1,2,48.8267111767,2.5225882774,2021-03-24 07:50:00
2016,202100046794,5,2,1,3,48.845005,2.434286,2021-03-03 20:40:00
2017,202100046795,1,2,1,6,48.76742,2.3598,2021-03-24 17:20:00
2018,202100046796,1,2,1,6,48.85295,2.48408,2021-03-24 12:00:00
2019,202100046797,1,2,1,3,48.7344,2.41946,2021-03-24 17:40:00
2020,202100046798,1,2,1,2,48.759775,2.408577,2021-03-24 18:22:00
2021,202100046799,1,2,7,7,48.72956,2.43621,2021-03-24 12:50:00
2022,202100046800,1,2,1,4,48.770691,2.413664,2021-03-23 17:15:00
2023,202100046957,1,2,1,3,48.787908,2.373496,2021-03-23 17:25:00
2024,202100046958,1,2,1,6,48.81481,2.36099,2021-03-23 11:25:00
2025,202100046959,1,2,1,6,48.78862,2.36423,2021-03-23 08:00:00
2026,202100046960,2,2,1,6,48.76732,2.47931,2021-03-23 07:02:00
2027,202100046961,1,2,1,2,48.791062,2.464622,2021-03-22 14:20:00
2028,202100046962,5,2,1,3,48.7485963508,2.4121642113,2021-03-22 21:45:00
2029,202100047012,1,1,1,4,48.78866,2.44033,2021-03-23 09:00:00
2030,202100047061,1,2,1,2,48.810659,2.332398,2021-03-22 16:05:00
2031,202100047062,1,2,8,1,48.84965,2.45643,2021-03-22 14:30:00
2032,202100047144,1,2,1,3,48.80841,2.47114,2021-03-21 12:24:00
2033,202100047193,3,1,1,6,48.796,2.34501,2021-03-21 04:16:00
2034,202100047194,3,1,1,2,48.7925354511,2.3446935815,2021-03-21 05:10:00
2035,202100047255,1,2,1,2,48.78993,2.3798,2021-03-20 14:20:00
2036,202100047256,1,2,1,2,48.809,2.362,2021-03-20 16:20:00
2037,202100047257,5,2,1,6,48.76781,2.40317,2021-03-20 19:15:00
2038,202100047258,1,2,1,2,48.77803,2.46683,2021-03-20 11:00:00
2039,202100047315,2,1,1,2,48.75433,2.33221,2021-03-20 07:00:00
2040,202100047397,1,2,1,3,48.728906,2.450487,2021-03-19 12:50:00
2041,202100047398,1,2,2,3,48.754961,2.445098,2021-03-18 17:30:00
2042,202100047399,1,2,1,2,48.7479973968,2.4459171295,2021-03-19 09:45:00
2043,202100047400,1,2,1,3,48.802806,2.43402,2021-03-19 08:10:00
2044,202100047465,1,1,1,2,48.7543494698,2.3490106533,2021-03-19 15:00:00
2045,202100047535,1,2,8,6,48.80728,2.47126,2021-03-17 11:55:00
2046,202100047536,1,2,1,1,48.8377,2.48784,2021-03-17 09:30:00
2047,202100047537,1,2,1,2,48.783033,2.464048,2021-03-18 12:00:00
2048,202100047589,1,1,1,4,48.75972,2.32284,2021-03-18 14:10:00
2049,202100047656,1,2,2,2,48.8038602745,2.4859133541,2021-03-16 12:30:00
2050,202100047657,2,2,2,3,48.82028,2.46724,2021-03-17 07:35:00
2051,202100047658,1,2,2,5,48.81942,2.39797,2021-03-15 13:00:00
2052,202100047659,1,2,2,1,48.85631,2.4706,2021-03-17 15:45:00
2053,202100047660,1,2,2,1,48.82216,2.41245,2021-03-17 17:10:00
2054,202100047694,1,1,1,4,48.75999,2.32134,2021-03-17 09:40:00
2055,202100047703,1,1,2,3,48.8491582156,2.4907286998,2021-03-17 15:30:00
2056,202100047834,5,2,2,3,48.84528,2.43157,2021-03-16 19:09:00
2057,202100047835,1,2,1,2,48.84564,2.41861,2021-03-16 18:15:00
2058,202100047836,1,2,2,6,48.759473,2.48041,2021-03-16 17:50:00
2059,202100047837,5,2,1,2,48.80877,2.40374,2021-03-16 21:25:00
2060,202100047838,1,2,8,6,48.74537,2.40239,2021-03-15 13:50:00
2061,202100047839,1,2,2,6,48.83,2.53,2021-03-15 12:00:00
2062,202100047840,1,2,2,3,48.82113,2.41285,2021-03-16 12:05:00
2063,202100047841,1,2,1,3,48.81723,2.4588,2021-03-16 09:05:00
2064,202100047842,1,2,2,3,48.82081,2.51286,2021-03-16 10:30:00
2065,202100047843,1,2,1,1,48.81456,2.41192,2021-03-15 18:00:00
2066,202100047892,3,1,1,2,48.760978,2.382263,2021-03-15 23:28:00
2067,202100047960,1,2,1,1,48.78359,2.3798,2021-03-14 12:50:00
2068,202100047961,2,2,2,2,48.83826,2.49468,2021-03-15 07:00:00
2069,202100047962,1,2,2,3,48.82256,2.41715,2021-03-15 09:30:00
2070,202100047963,1,2,1,6,48.80751,2.55008,2021-03-15 18:20:00
2071,202100048043,5,2,1,7,48.747566,2.349645,2021-03-14 21:15:00
2072,202100048044,1,2,1,2,48.85267,2.49044,2021-03-14 17:00:00
2073,202100048045,1,2,1,2,48.769,2.43334,2021-03-14 12:00:00
2074,202100048107,3,1,1,6,48.7617,2.3405,2021-03-14 20:15:00
2075,202100048109,1,1,1,3,48.7601,2.3385,2021-03-14 16:45:00
2076,202100048115,3,1,3,4,48.83008,2.48698,2021-03-13 21:20:00
2077,202100048116,1,1,1,6,48.7613,2.49351,2021-03-13 14:10:00
2078,202100048156,1,2,1,2,48.79233,2.36962,2021-03-13 13:00:00
2079,202100048157,1,2,1,2,48.78124,2.34116,2021-03-13 12:50:00
2080,202100048158,1,2,8,6,48.79083,2.42403,2021-03-13 13:40:00
2081,202100048299,1,2,1,6,48.79552,2.39163,2021-03-12 09:15:00
2082,202100048300,1,2,2,3,48.79408,2.40059,2021-03-11 09:15:00
2083,202100048301,5,2,3,6,48.75139,2.48819,2021-03-12 20:24:00
2084,202100048302,1,2,2,3,48.7897796651,2.5149464607,2021-03-12 15:50:00
2085,202100048303,1,2,1,2,48.74785,2.35759,2021-03-12 09:45:00
2086,202100048304,1,2,1,6,48.79762,2.46417,2021-03-12 08:50:00
2087,202100048305,1,2,8,2,48.81353,2.53755,2021-03-12 12:20:00
2088,202100048445,1,2,1,6,48.72769,2.44541,2021-03-11 09:20:00
2089,202100048446,5,2,8,3,48.76683,2.40034,2021-03-11 19:20:00
2090,202100048447,1,2,2,6,48.75495,2.32727,2021-03-10 18:15:00
2091,202100048448,1,2,8,3,48.82527,2.4097,2021-03-11 08:15:00
2092,202100048449,1,2,1,4,48.75966,2.50035,2021-03-11 09:45:00
2093,202100048498,1,1,1,4,48.82961,2.49878,2021-03-11 18:00:00
2094,202100048499,1,1,1,3,48.8176679679,2.414811413,2021-03-11 16:15:00
2095,202100048579,1,2,2,6,48.75181,2.48753,2021-03-10 17:30:00
2096,202100048580,1,2,1,3,48.7940440913,2.5073933601,2021-03-09 15:20:00
2097,202100048581,1,2,1,2,48.78422,2.3669,2021-03-10 14:50:00
2098,202100048582,2,2,2,6,48.80313,2.39494,2021-03-10 18:05:00
2099,202100048583,1,2,1,7,48.85904,2.47447,2021-03-09 14:55:00
2100,202100048584,5,2,2,6,48.76517,2.40763,2021-03-10 21:40:00
2101,202100048585,1,2,1,6,48.826412,2.541612,2021-03-10 08:40:00
2102,202100048586,1,2,1,6,48.82428,2.534,2021-03-08 15:18:00
2103,202100048587,5,2,2,6,48.72853,2.52878,2021-03-10 19:30:00
2104,202100048643,1,1,1,2,48.81831,2.40985,2021-03-10 09:00:00
2105,202100048703,1,2,1,1,48.789369,2.40566,2021-03-08 18:00:00
2106,202100048704,1,2,1,6,48.8475,2.42904,2021-03-09 17:35:00
2107,202100048705,1,2,1,7,48.792468,2.332856,2021-03-09 17:20:00
2108,202100048706,1,2,1,1,48.802,2.3939,2021-03-08 15:00:00
2109,202100048707,1,1,1,2,48.76228,2.40926,2021-03-09 07:20:00
2110,202100048708,1,2,1,6,48.821458,2.422535,2021-03-09 10:35:00
2111,202100048769,1,1,1,4,48.8452828589,2.4919975043,2021-03-09 09:20:00
2112,202100048787,1,2,1,6,48.79379,2.51321,2021-03-06 08:50:00
2113,202100048788,1,2,1,6,48.80892,2.35919,2021-03-08 14:40:00
2114,202100048789,1,2,1,3,48.827444,2.404502,2021-03-08 12:10:00
2115,202100048790,1,2,1,4,48.8192,2.51463,2021-03-08 14:40:00
2116,202100048833,1,1,1,2,48.8112,2.33816,2021-03-08 15:55:00
2117,202100048839,1,1,1,3,48.8284416936,2.5027316394,2021-03-08 15:50:00
2118,202100048914,1,1,1,3,48.761836,2.314397,2021-03-07 17:40:00
2119,202100048966,5,2,1,3,48.80612,2.3459,2021-03-05 22:20:00
2120,202100048967,1,1,1,6,48.75216,2.36973,2021-03-06 17:15:00
2121,202100048968,1,2,1,4,48.7679,2.407068,2021-03-06 17:30:00
2122,202100048969,1,2,1,3,48.77253,2.40225,2021-03-06 16:45:00
2123,202100049034,1,1,1,4,48.75884,2.32419,2021-03-06 14:15:00
2124,202100049041,1,1,1,2,48.82682,2.51326,2021-03-05 11:00:00
2125,202100049142,1,2,1,3,48.79752,2.37995,2021-03-05 16:15:00
2126,202100049143,1,2,1,6,48.7534,2.48391,2021-03-05 16:40:00
2127,202100049144,1,2,8,6,48.736284,2.454566,2021-03-05 15:45:00
2128,202100049145,1,2,1,1,48.812,2.38451,2021-03-05 15:25:00
2129,202100049146,1,1,1,4,48.73888,2.51665,2021-03-05 08:40:00
2130,202100049288,5,2,2,7,48.78957,2.435357,2021-03-04 18:45:00
2131,202100049289,1,2,1,2,48.8039163914,2.4444531639,2021-03-04 13:45:00
2132,202100049346,1,1,1,3,48.77402,2.40695,2021-03-03 07:50:00
2133,202100049417,1,2,1,3,48.79898,2.39924,2021-03-01 17:25:00
2134,202100049418,1,2,1,3,48.80697,2.47901,2021-03-02 15:45:00
2135,202100049419,1,2,1,7,48.78819,2.33037,2021-03-02 16:20:00
2136,202100049420,1,2,1,1,48.81569,2.40882,2021-03-03 16:05:00