,Num_Acc,lum,agg,atm,col,lat,long,datetime
2137,202100049421,1,2,1,1,48.817896,2.443544,2021-03-03 16:45:00
2138,202100049422,1,2,1,3,48.81747,2.53681,2021-03-03 17:30:00
2139,202100049423,1,2,1,6,48.8333,2.55117,2021-03-03 09:10:00
2140,202100049533,1,2,1,1,48.8098,2.46654,2021-03-01 16:45:00
2141,202100049534,5,2,1,6,48.81,2.39,2021-03-01 20:38:00
2142,202100049535,1,2,1,2,48.7579,2.34595,2021-03-01 12:45:00
2143,202100049536,1,2,1,6,48.783,2.45261,2021-03-02 10:30:00
2144,202100049537,5,2,1,6,48.76904,2.48873,2021-03-01 18:40:00
2145,202100049538,1,2,1,2,48.8122,2.53401,2021-03-02 12:10:00
2146,202100049539,5,2,1,3,48.8063,2.41857,2021-02-26 21:30:00
2147,202100049586,1,1,1,2,48.82869,2.47834,2021-03-02 19:00:00
2148,202100049588,1,1,1,4,48.77612,2.4287,2021-03-02 17:30:00
2149,202100049668,1,2,1,2,48.83927,2.51278,2021-03-01 17:10:00
2150,202100049669,1,2,1,3,48.84041,2.51014,2021-02-28 15:45:00
2151,202100049670,5,2,1,3,48.80284,2.43429,2021-03-01 05:50:00
2152,202100049671,2,2,1,3,48.81018,2.34076,2021-03-01 18:00:00
2153,202100049672,5,2,1,3,48.81127,2.384,2021-02-28 22:20:00
2154,202100049673,1,2,1,3,48.76211,2.36846,2021-03-01 07:55:00
2155,202100049674,1,2,1,6,48.77028,2.45667,2021-02-28 11:50:00
2156,202100049675,1,2,1,3,48.81389,2.50974,2021-03-01 09:00:00
2157,202100049676,1,2,1,6,48.77153,2.52757,2021-03-01 08:20:00
2158,202100049735,3,1,1,6,48.8175082166,2.4337587596,2021-03-01 22:53:00
2159,202100049851,1,1,1,2,48.7824279791,2.440778017,2021-02-28 14:30:00
2160,202100049852,1,1,1,4,48.8265014578,2.5187302586,2021-02-28 14:30:00
2161,202100049903,1,2,1,6,48.810824,2.349962,2021-02-23 10:06:00
2162,202100049904,1,2,1,6,48.79384,2.46058,2021-02-27 10:40:00
2163,202100049905,1,2,1,3,48.79435,2.46406,2021-02-27 09:35:00
2164,202100049906,3,2,1,2,48.7702951639,2.401562067,2021-02-27 02:55:00
2165,202100050066,1,2,1,6,48.79857,2.4859,2021-02-26 14:00:00
2166,202100050067,1,2,1,3,48.80537707,2.4756927118,2021-02-25 16:55:00
2167,202100050068,2,2,2,6,48.815674,2.425871,2021-02-26 07:20:00
2168,202100050069,1,2,1,6,48.77,2.338,2021-02-26 13:25:00
2169,202100050070,1,1,2,1,48.7164,2.5629,2021-02-26 07:45:00
2170,202100050071,1,2,1,4,48.8272424671,2.529560271,2021-02-25 12:47:00
2171,202100050134,1,1,1,2,48.76028,2.32095,2021-02-26 14:30:00
2172,202100050223,1,2,1,3,48.79255,2.38739,2021-02-25 11:00:00
2173,202100050224,1,2,1,4,48.833857,2.412705,2021-02-25 09:20:00
2174,202100050225,1,2,1,3,48.817186,2.497322,2021-02-25 12:05:00
2175,202100050226,5,2,1,2,48.764992,2.4049,2021-02-25 18:50:00
2176,202100050227,1,2,1,7,48.72888,2.42835,2021-02-25 14:20:00
2177,202100050228,1,2,1,2,48.82212,2.55396,2021-02-25 12:00:00
2178,202100050289,1,1,1,3,48.7845,2.347,2021-02-25 09:45:00
2179,202100050291,3,1,1,3,48.7558,2.3423,2021-02-25 06:20:00
2180,202100050296,1,1,1,4,48.785757,2.44032,2021-02-25 08:45:00
2181,202100050365,1,2,1,3,48.833722,2.414443,2021-02-22 09:35:00
2182,202100050366,1,2,1,2,48.756156,2.453156,2021-02-24 12:34:00
2183,202100050367,1,2,1,3,48.839029,2.508632,2021-02-24 14:10:00
2184,202100050368,1,2,7,6,48.75301,2.31882,2021-02-24 16:30:00
2185,202100050369,1,2,1,6,48.75953,2.3629,2021-02-23 07:20:00
2186,202100050370,1,2,1,3,48.85764,2.4915,2021-02-23 16:40:00
2187,202100050371,1,2,1,7,48.76769,2.41037,2021-02-24 17:20:00
2188,202100050372,1,2,1,5,48.811095,2.536605,2021-02-24 08:20:00
2189,202100050373,1,2,1,2,48.7615117618,2.5331864848,2021-02-24 13:40:00
2190,202100050488,1,2,1,6,48.733014,2.447596,2021-02-23 16:03:00
2191,202100050489,1,2,1,6,48.7461389333,2.4468871272,2021-02-23 11:25:00
2192,202100050490,1,2,1,6,48.81556,2.35111,2021-02-23 14:00:00
2193,202100050491,1,2,1,3,48.75842,2.39284,2021-02-23 12:00:00
2194,202100050492,5,2,1,3,48.73223,2.40884,2021-02-22 22:40:00
2195,202100050493,5,2,1,2,48.7475,2.51015,2021-02-23 18:50:00
2196,202100050550,1,1,1,4,48.82667,2.51628,2021-02-22 12:50:00
2197,202100050594,5,2,2,6,48.80737,2.51044,2021-02-07 04:15:00
2198,202100050595,1,2,1,6,48.77649,2.33769,2021-02-22 15:25:00
2199,202100050596,1,2,1,3,48.726951,2.445114,2021-02-22 10:33:00
2200,202100050597,1,2,1,1,48.77554,2.54855,2021-02-22 16:05:00
2201,202100050598,1,2,1,6,48.8234,2.41967,2021-02-22 08:10:00
2202,202100050599,3,1,1,6,48.82977,2.49158,2021-02-20 23:00:00
2203,202100050600,5,2,1,2,48.77497,2.51975,2021-02-22 20:05:00
2204,202100050601,1,2,8,2,48.72184,2.53358,2021-02-22 10:20:00
2205,202100050655,1,1,1,6,48.8463007176,2.492279962,2021-02-22 08:20:00
2206,202100050659,1,2,1,6,48.69239,2.553084,2021-02-21 17:45:00
2207,202100050717,1,1,1,2,48.75687,2.33167,2021-02-21 15:05:00
2208,202100050725,1,1,1,2,48.8521422803,2.4902740888,2021-02-21 13:15:00
2209,202100050776,1,2,1,2,48.80874,2.36809,2021-02-20 14:20:00
2210,202100050777,5,2,1,6,48.75152,2.49057,2021-02-20 19:20:00
2211,202100050851,1,1,1,4,48.75954,2.48575,2021-02-20 13:00:00
2212,202100050941,2,2,1,6,48.82032,2.46709,2021-02-19 07:30:00
2213,202100050942,5,2,1,1,48.7603,2.49,2021-02-18 06:30:00
2214,202100050943,1,2,1,3,48.75203,2.40786,2021-02-19 12:48:00
2215,202100050944,5,2,2,3,48.790181,2.522425,2021-02-18 22:00:00
2216,202100050945,5,2,1,4,48.82479,2.50015,2021-02-19 19:15:00
2217,202100050946,5,2,1,3,48.80269,2.46045,2021-02-19 18:40:00
2218,202100050947,5,2,1,3,48.79822,2.42047,2021-02-19 02:27:00
2219,202100050948,5,2,2,3,48.8117639787,2.4114793738,2021-02-18 17:30:00
2220,202100051088,5,2,2,2,48.755,2.444,2021-02-18 20:15:00
2221,202100051089,5,2,1,1,48.84921,2.49607,2021-02-18 22:15:00
2222,202100051090,1,2,2,1,48.80146,2.35577,2021-02-18 15:15:00
2223,202100051091,1,2,2,3,48.73291,2.406132,2021-02-18 15:00:00
2224,202100051140,5,1,1,3,48.755087,2.345115,2021-02-18 19:15:00
2225,202100051195,5,2,1,2,48.80498,2.4393,2021-02-17 19:00:00
2226,202100051196,1,2,1,6,48.816387,2.349444,2021-02-17 14:25:00
2227,202100051197,1,2,1,2,48.77623,2.36301,2021-02-17 16:40:00
2228,202100051198,1,2,1,1,48.77797,2.46671,2021-02-16 13:35:00
2229,202100051322,5,2,2,1,48.79444,2.40226,2021-02-16 18:20:00
2230,202100051323,5,2,1,3,48.78082,2.39514,2021-02-16 00:35:00
2231,202100051324,1,2,1,3,48.85279,2.4572,2021-02-15 13:15:00
2232,202100051325,2,2,1,1,48.78754,2.45595,2021-02-15 08:45:00
2233,202100051326,5,2,1,6,48.771193,2.349838,2021-02-16 04:00:00
2234,202100051327,1,2,1,3,48.802967,2.552016,2021-02-16 11:30:00
2235,202100051456,1,2,1,7,48.76327,2.41066,2021-02-15 13:00:00
2236,202100051563,1,1,1,4,48.830322896,2.4893496496,2021-02-12 09:20:00
2237,202100051599,1,2,1,3,48.795146,2.404349,2021-02-13 15:40:00
2238,202100051600,1,2,1,3,48.760527,2.407857,2021-02-13 13:25:00
2239,202100051636,1,1,1,4,48.7650247315,2.3429737146,2021-02-12 14:50:00
2240,202100051712,1,2,1,3,48.8077,2.5096,2021-02-12 09:30:00
2241,202100051713,1,2,1,6,48.79285,2.32986,2021-02-12 15:55:00
2242,202100051714,5,2,1,3,48.7981,2.4558,2021-02-12 18:45:00
2243,202100051715,5,2,1,3,48.73781,2.42266,2021-02-12 19:30:00
2244,202100051716,5,2,1,2,48.8131755469,2.5669351272,2021-02-12 18:40:00
2245,202100051717,1,2,1,3,48.824092,2.419919,2021-02-11 12:50:00
2246,202100051718,1,2,1,3,48.81194,2.51076,2021-02-12 17:00:00
2247,202100051767,1,1,1,3,48.7548646202,2.3465137766,2021-02-12 14:10:00
2248,202100051827,1,2,1,2,48.80814,2.4246,2021-02-11 12:15:00
2249,202100051828,2,2,8,1,48.781811,2.364028,2021-02-11 17:00:00
2250,202100051829,1,2,1,1,48.74723,2.40981,2021-02-11 12:10:00
2251,202100051830,1,2,1,1,48.75015,2.50281,2021-02-10 16:00:00
2252,202100051931,1,2,8,1,48.83825,2.41611,2021-02-09 12:50:00
2253,202100051932,1,2,4,7,48.804774,2.338851,2021-02-10 15:00:00
2254,202100051933,2,2,9,2,48.78404,2.36727,2021-02-09 17:00:00
2255,202100051934,5,2,4,1,48.79041,2.43513,2021-02-09 22:25:00
2256,202100051981,3,1,4,6,48.77196,2.3964,2021-02-10 05:15:00
2257,202100052043,5,2,3,6,48.79831,2.39126,2021-02-06 20:10:00
2258,202100052044,5,2,1,3,48.820062,2.477272,2021-02-09 18:00:00
2259,202100052045,1,2,8,3,48.8487,2.4777,2021-02-09 09:10:00
2260,202100052046,5,2,1,6,48.78784,2.3668,2021-02-08 18:50:00
2261,202100052047,1,2,2,3,48.79452,2.358272,2021-02-07 13:45:00
2262,202100052048,1,2,8,3,48.75882,2.32694,2021-02-09 14:05:00
2263,202100052049,1,2,1,1,48.752692,2.329636,2021-02-09 13:46:00
2264,202100052050,1,2,1,6,48.77774,2.34298,2021-02-09 09:20:00
2265,202100052051,2,2,9,6,48.768756,2.467176,2021-02-09 07:52:00
2266,202100052052,1,2,8,6,48.762271,2.405979,2021-02-09 14:12:00
2267,202100052094,1,1,1,4,48.8079543876,2.3406292528,2021-02-09 14:20:00
2268,202100052097,1,1,1,6,48.8290973818,2.4795805419,2021-02-09 14:15:00
2269,202100052147,1,2,1,6,48.809784,2.36033,2021-02-08 11:35:00
2270,202100052148,1,2,8,6,48.853,2.48532,2021-02-08 16:50:00
2271,202100052240,1,1,2,6,48.754699438,2.3475930512,2021-02-07 13:50:00
2272,202100052253,5,1,3,3,48.7609888888,2.3826099002,2021-02-06 20:30:00
2273,202100052331,5,2,1,2,48.784,2.495,2021-02-05 19:28:00
2274,202100052332,5,2,2,3,48.8354914448,2.474091053,2021-02-06 07:00:00
2275,202100052333,5,2,2,3,48.77289,2.40007,2021-02-06 04:34:00
2276,202100052464,5,2,1,1,48.78987,2.5149,2021-02-04 20:05:00
2277,202100052465,1,2,1,1,48.76407,2.38399,2021-02-05 13:25:00
2278,202100052466,3,2,1,3,48.77749,2.43859,2021-02-05 18:10:00
2279,202100052467,1,2,1,1,48.799184,2.468913,2021-02-05 09:38:00
2280,202100052468,1,2,8,3,48.78567,2.44875,2021-02-04 16:55:00
2281,202100052479,1,2,1,6,48.8061583131,2.3183391988,2021-02-05 08:15:00
2282,202100052580,5,2,1,1,48.78442,2.39302,2021-02-03 18:40:00
2283,202100052581,1,2,1,6,48.84885,2.42083,2021-02-04 09:15:00
2284,202100052582,1,2,1,3,48.798536,2.357462,2021-02-04 16:50:00
2285,202100052583,1,2,1,6,48.76483,2.40497,2021-02-04 14:15:00
2286,202100052584,1,2,2,3,48.77264,2.41435,2021-02-03 13:45:00
2287,202100052585,1,2,1,6,48.81917,2.48248,2021-02-04 09:45:00
2288,202100052696,5,2,2,3,48.74514,2.38895,2021-02-03 06:10:00
2289,202100052697,5,2,2,7,48.81609,2.46177,2021-02-03 02:40:00
2290,202100052698,1,2,2,3,48.76392,2.52928,2021-02-03 12:58:00
2291,202100052739,1,1,1,2,48.77721,2.34642,2021-02-03 16:40:00
2292,202100052807,5,2,1,3,48.82006,2.47844,2021-02-02 20:20:00
2293,202100052808,1,2,2,6,48.765517,2.393485,2021-02-02 17:10:00
2294,202100052809,1,2,1,6,48.8008,2.45045,2021-02-01 14:50:00
2295,202100052847,1,1,2,7,48.81,2.35,2021-02-02 09:02:00
2296,202100052918,1,2,1,3,48.808696,2.479597,2021-01-28 12:15:00
2297,202100052919,1,2,2,7,48.8122,2.3917,2021-01-31 17:10:00
2298,202100052920,5,2,2,3,48.79382,2.55876,2021-01-30 19:15:00
2299,202100052992,1,2,2,6,48.7673,2.4162,2021-01-31 15:40:00
2300,202100053040,3,1,3,6,48.81045,2.44891,2021-01-30 07:10:00
2301,202100053087,5,2,1,2,48.83626,2.494086,2021-01-29 19:10:00
2302,202100053088,1,2,1,3,48.83632,2.477842,2021-01-30 11:55:00
2303,202100053089,1,2,2,1,48.789467711,2.3686215877,2021-01-30 16:30:00
2304,202100053090,1,2,8,7,48.79192,2.33693,2021-01-30 13:40:00
2305,202100053091,1,2,1,6,48.7577,2.32945,2021-01-30 14:40:00
2306,202100053092,1,2,1,6,48.75569,2.36886,2021-01-30 12:10:00
2307,202100053093,5,2,1,4,48.76416,2.40537,2021-01-30 18:50:00
2308,202100053094,1,2,2,6,48.75202,2.40597,2021-01-30 16:45:00
2309,202100053095,5,2,2,6,48.81441,2.5083,2021-01-30 19:00:00
2310,202100053096,3,1,1,7,48.73434,2.52046,2021-01-29 23:00:00
2311,202100053254,1,2,1,6,48.79,2.38,2021-01-29 09:30:00
2312,202100053255,1,2,2,6,48.84547,2.41751,2021-01-29 13:45:00
2313,202100053256,5,2,2,6,48.788419,2.495272,2021-01-28 07:25:00
2314,202100053257,1,2,2,3,48.81456,2.36079,2021-01-29 13:35:00
2315,202100053258,1,2,1,6,48.80699,2.33598,2021-01-29 10:30:00
2316,202100053259,1,2,2,6,48.7625,2.3925,2021-01-29 14:55:00
2317,202100053260,1,2,8,6,48.76832,2.46502,2021-01-28 09:00:00
2318,202100053261,1,2,2,7,48.732016,2.429597,2021-01-29 14:45:00
2319,202100053262,1,2,2,3,48.76624,2.40451,2021-01-28 11:05:00
2320,202100053305,5,1,1,4,48.7591767986,2.3236848206,2021-01-29 18:10:00
2321,202100053307,1,1,2,4,48.7602,2.3204,2021-01-28 09:45:00
2322,202100053356,1,2,8,2,48.745175,2.446523,2021-01-28 14:20:00
2323,202100053357,1,2,8,1,48.8,2.49,2021-01-27 08:40:00
2324,202100053358,1,2,8,2,48.81,2.37,2021-01-27 16:00:00
2325,202100053359,5,2,2,4,48.81226,2.51597,2021-01-28 18:10:00
2326,202100053412,1,1,2,4,48.7577,2.3279,2021-01-28 13:45:00
2327,202100053420,1,1,2,5,48.8270194777,2.5116058458,2021-01-28 09:20:00
2328,202100053421,3,1,2,4,48.8204689196,2.4019549352,2021-01-28 07:00:00
2329,202100053489,5,2,2,6,48.77836,2.37592,2021-01-27 07:50:00
2330,202100053490,5,2,2,3,48.74062,2.44673,2021-01-27 07:15:00
2331,202100053491,5,2,1,4,48.8099,2.4687,2021-01-26 18:00:00
2332,202100053492,1,2,1,1,48.78957,2.435357,2021-01-27 17:00:00
2333,202100053493,5,2,2,3,48.80556,2.34791,2021-01-27 18:15:00
2334,202100053494,1,2,2,3,48.80429,2.34312,2021-01-27 08:40:00
2335,202100053495,1,2,1,3,48.833,2.551,2021-01-26 09:30:00
2336,202100053496,1,2,1,3,48.7921,2.55513,2021-01-25 13:40:00
2337,202100053632,2,2,1,6,48.8459,2.41768,2021-01-25 17:40:00
2338,202100053633,1,2,1,3,48.73412,2.46315,2021-01-26 11:00:00
2339,202100053634,1,2,1,4,48.8037,2.4746,2021-01-25 13:45:00
2340,202100053635,1,2,1,6,48.787749,2.372833,2021-01-26 17:50:00
2341,202100053636,5,2,1,7,48.7844,2.34151,2021-01-26 07:30:00
2342,202100053637,2,2,1,6,48.76544,2.40931,2021-01-26 07:50:00
2343,202100053695,1,1,1,4,48.7536,2.35581,2021-01-26 11:30:00
2344,202100053754,1,2,1,6,48.79613,2.4169,2021-01-24 11:30:00
2345,202100053755,1,2,4,3,48.733,2.44685,2021-01-24 13:06:00
2346,202100053756,1,2,4,6,48.77,2.4,2021-01-24 12:46:00
2347,202100053757,1,2,1,6,48.829319,2.535674,2021-01-25 12:45:00
2348,202100053758,1,2,1,2,48.81773,2.50705,2021-01-20 10:15:00
2349,202100053819,1,1,1,2,48.7611033533,2.3175930738,2021-01-25 08:20:00
2350,202100053857,1,2,2,1,48.7316708094,2.4496507645,2021-01-24 14:40:00
2351,202100053858,5,2,1,3,48.838043,2.477993,2021-01-24 20:30:00
2352,202100053859,1,2,4,1,48.806769664,2.3510703848,2021-01-24 13:40:00
2353,202100053860,5,2,2,3,48.75876,2.32412,2021-01-24 21:00:00
2354,202100053910,3,1,1,2,48.757,2.335,2021-01-24 19:05:00
2355,202100053969,1,2,2,3,48.7614,2.40321,2021-01-23 15:30:00
2356,202100053970,1,2,8,5,48.82,2.55,2021-01-23 15:30:00
2357,202100053971,5,2,2,2,48.81729,2.41837,2021-01-23 18:26:00
2358,202100054014,1,1,2,6,48.7894582457,2.3441819818,2021-01-23 12:30:00
2359,202100054105,1,2,1,6,48.794544,2.384644,2021-01-21 13:15:00
2360,202100054106,1,2,1,3,48.79202,2.51827,2021-01-22 15:30:00
2361,202100054107,2,2,1,3,48.8,2.44,2021-01-22 18:10:00
2362,202100054108,5,2,2,6,48.758625,2.362014,2021-01-22 05:20:00
2363,202100054109,1,2,2,6,48.84907,2.47493,2021-01-21 14:00:00
2364,202100054110,5,2,8,3,48.85821,2.49127,2021-01-21 07:40:00
2365,202100054111,2,2,1,1,48.76676,2.45659,2021-01-22 09:30:00
2366,202100054112,5,2,1,3,48.802745,2.538512,2021-01-22 20:45:00
2367,202100054113,1,2,1,3,48.83109,2.5521,2021-01-22 13:20:00
2368,202100054114,1,2,1,1,48.812575,2.56957,2021-01-22 11:05:00
2369,202100054251,1,2,2,6,48.74837,2.45355,2021-01-21 16:50:00
2370,202100054252,1,2,1,3,48.747,2.446,2021-01-21 11:00:00
2371,202100054253,1,2,1,2,48.80281,2.48738,2021-01-20 12:35:00
2372,202100054254,5,2,1,1,48.82449,2.47329,2021-01-20 18:10:00
2373,202100054255,1,1,1,5,48.7817351681,2.5704360008,2021-01-21 12:45:00
2374,202100054256,1,2,1,6,48.82462,2.51005,2021-01-21 11:00:00
2375,202100054362,1,2,2,6,48.77926,2.39897,2021-01-19 13:00:00
2376,202100054363,1,2,2,3,48.785,2.492,2021-01-19 11:10:00
2377,202100054364,5,2,1,3,48.77598,2.49009,2021-01-20 07:00:00
2378,202100054365,5,2,1,6,48.78,2.46,2021-01-20 02:00:00
2379,202100054366,5,2,1,2,48.8359,2.5469,2021-01-19 20:50:00
2380,202100054474,1,2,2,3,48.78862,2.48929,2021-01-19 09:45:00
2381,202100054475,1,2,1,6,48.795,2.4941,2021-01-17 13:35:00
2382,202100054476,1,2,1,3,48.834909,2.478701,2021-01-19 14:30:00
2383,202100054477,1,2,2,1,48.8097,2.35862,2021-01-19 16:00:00
2384,202100054478,1,2,1,3,48.79747,2.36605,2021-01-19 15:15:00
2385,202100054479,1,2,1,3,48.81059,2.38419,2021-01-19 17:09:00
2386,202100054480,5,2,2,7,48.81774,2.40311,2021-01-19 07:50:00
2387,202100054481,1,2,3,3,48.79223,2.53258,2021-01-19 08:15:00
2388,202100054482,1,2,2,3,48.816618,2.549027,2021-01-19 11:35:00
2389,202100054539,1,1,1,6,48.8066203478,2.3462343178,2021-01-19 14:00:00
2390,202100054540,1,1,2,2,48.80992,2.339,2021-01-19 10:09:00
2391,202100054542,1,2,1,2,48.77738,2.3461,2021-01-18 12:21:00
2392,202100054608,1,2,1,6,48.79733,2.38028,2021-01-18 13:25:00
2393,202100054609,1,2,1,3,48.80289,2.41034,2021-01-18 10:20:00
2394,202100054610,1,2,1,3,48.824,2.541,2021-01-17 13:55:00
2395,202100054611,5,2,1,3,48.81455,2.4139,2021-01-17 19:25:00
2396,202100054662,3,1,2,2,48.817392416,2.4362247214,2021-01-18 19:30:00
2397,202100054693,1,2,1,1,48.77036,2.44668,2021-01-17 10:55:00
2398,202100054694,1,2,2,6,48.7572,2.32624,2021-01-17 12:25:00
2399,202100054695,1,2,4,2,48.72349,2.52853,2021-01-16 15:00:00
2400,202100054696,1,2,1,5,48.7503,2.39936,2021-01-17 14:15:00
2401,202100054697,5,2,8,2,48.7647405256,2.4098071563,2021-01-16 20:30:00
2402,202100054698,1,2,1,2,48.759081,2.508041,2021-01-17 15:10:00
2403,202100054742,3,1,1,3,48.7872277387,2.3448745932,2021-01-15 23:01:00
2404,202100054790,1,2,4,3,48.80199,2.48804,2021-01-16 11:45:00
2405,202100054791,1,2,4,1,48.77191,2.34504,2021-01-16 11:20:00
2406,202100054792,1,2,1,1,48.768756,2.484862,2021-01-15 09:15:00
2407,202100054793,1,2,4,3,48.82,2.54,2021-01-16 11:30:00
2408,202100054839,1,1,1,7,48.82911,2.4804,2021-01-15 11:00:00
2409,202100054840,5,1,1,2,48.85653,2.489,2021-01-15 07:30:00
2410,202100054929,1,2,2,2,48.80713,2.50051,2021-01-14 14:20:00
2411,202100054930,1,2,1,6,48.806543,2.443312,2021-01-15 13:10:00
2412,202100054931,1,2,1,2,48.74384,2.40805,2021-01-15 13:15:00
2413,202100054932,1,2,1,6,48.80416,2.54681,2021-01-15 13:50:00
2414,202100054933,1,2,8,6,48.814459,2.546842,2021-01-15 13:40:00
2415,202100054934,5,2,1,4,48.77448,2.51092,2021-01-15 08:05:00
2416,202100054992,1,1,1,2,48.77732,2.34649,2021-01-15 13:00:00
2417,202100055005,2,1,1,5,48.7898800361,2.4402915859,2021-01-15 08:50:00
2418,202100055074,1,2,1,2,48.782,2.407,2021-01-13 16:30:00
2419,202100055075,5,2,8,6,48.74001,2.45702,2021-01-14 07:49:00
2420,202100055076,5,2,2,6,48.79277,2.51661,2021-01-12 17:15:00
2421,202100055077,5,2,2,6,48.828783,2.4702,2021-01-12 17:10:00
2422,202100055078,5,2,2,3,48.81596,2.34655,2021-01-14 20:00:00
2423,202100055079,1,2,2,3,48.76168,2.35677,2021-01-14 15:45:00
2424,202100055080,3,2,2,3,48.78643,2.57669,2021-01-13 19:30:00
2425,202100055137,1,1,1,6,48.75752,2.3349,2021-01-14 15:23:00
2426,202100055139,3,1,2,3,48.765413,2.34357,2021-01-14 07:40:00
2427,202100055142,2,1,2,3,48.818906873,2.4080615714,2021-01-14 07:10:00
2428,202100055144,1,1,2,2,48.7700640244,2.3810429395,2021-01-13 09:45:00
2429,202100055145,1,1,2,4,48.8391,2.4941,2021-01-13 09:45:00
2430,202100055219,1,2,2,3,48.80873,2.50948,2021-01-12 10:00:00
2431,202100055220,5,2,2,6,48.78,2.36,2021-01-13 19:00:00
2432,202100055221,1,2,2,7,48.81512,2.34562,2021-01-13 13:14:00
2433,202100055222,1,1,2,7,48.73393,2.52065,2021-01-13 13:00:00
2434,202100055265,1,1,2,3,48.80211,2.34209,2021-01-13 09:00:00
2435,202100055366,5,2,2,6,48.79817,2.49522,2021-01-12 18:21:00
2436,202100055367,5,2,2,3,48.80224,2.43525,2021-01-12 18:45:00
2437,202100055368,1,2,2,6,48.80576,2.32567,2021-01-12 12:40:00
2438,202100055369,5,2,2,5,48.76593,2.39849,2021-01-12 20:20:00
2439,202100055430,1,1,2,7,48.82838,2.5271,2021-01-12 10:50:00
2440,202100055538,5,2,1,6,48.84802,2.44642,2021-01-11 19:15:00
2441,202100055539,1,2,1,7,48.81481,2.41735,2021-01-11 13:10:00
2442,202100055540,5,2,1,7,48.815273,2.420248,2021-01-10 20:26:00
2443,202100055541,5,2,1,3,48.85236,2.48898,2021-01-10 19:10:00
2444,202100055542,5,2,1,6,48.789214,2.451538,2021-01-09 22:41:00
2445,202100055543,5,2,1,3,48.75788,2.40423,2021-01-10 20:24:00
2446,202100055544,1,2,1,6,48.79993,2.543609,2021-01-11 15:10:00
2447,202100055545,5,2,1,3,48.81932,2.51471,2021-01-11 21:00:00
2448,202100055546,5,2,1,6,48.8063,2.53004,2021-01-11 08:05:00
2449,202100055686,1,2,1,6,48.8458,2.41749,2021-01-09 10:45:00
2450,202100055687,1,2,1,2,48.77798,2.46655,2021-01-09 11:10:00
2451,202100055688,5,2,1,6,48.81615,2.45862,2021-01-08 22:55:00
2452,202100055689,5,2,1,1,48.759081,2.508041,2021-01-09 18:40:00
2453,202100055739,5,1,9,7,48.8165055136,2.4499449509,2021-01-09 02:50:00
2454,202100055831,1,2,1,6,48.78095,2.38253,2021-01-08 12:15:00
2455,202100055832,5,2,9,6,48.749807,2.481308,2021-01-08 07:35:00
2456,202100055833,5,2,1,3,48.80576,2.32566,2021-01-08 20:45:00
2457,202100055834,1,2,1,3,48.770717,2.401373,2021-01-08 12:35:00
2458,202100055835,5,2,2,6,48.84886,2.47764,2021-01-07 18:20:00
2459,202100055836,1,2,8,3,48.77109,2.46132,2021-01-08 08:20:00
2460,202100055837,5,2,1,3,48.80418,2.53617,2021-01-08 18:00:00
2461,202100055838,1,2,1,2,48.8081596251,2.5700422695,2021-01-08 15:29:00
2462,202100055839,1,2,1,1,48.76625,2.54046,2021-01-07 08:07:00
2463,202100055840,1,2,8,3,48.7527008057,2.5065498352,2021-01-08 13:40:00
2464,202100055887,2,1,1,2,48.799837147,2.4462785908,2021-01-08 08:30:00
2465,202100055948,1,2,2,2,48.73781,2.44696,2021-01-07 11:40:00
2466,202100055949,5,2,2,6,48.81103,2.47839,2021-01-07 19:46:00
2467,202100055950,5,2,2,4,48.76764,2.48651,2021-01-06 19:10:00
2468,202100055951,5,2,1,2,48.76767,2.45517,2021-01-06 18:20:00
2469,202100055952,1,2,2,6,48.74647,2.41626,2021-01-07 15:10:00
2470,202100055953,5,2,1,3,48.827122312,2.5179791451,2021-01-07 20:30:00
2471,202100056074,1,2,1,1,48.75503,2.31864,2021-01-06 12:30:00
2472,202100056075,1,2,1,3,48.7716,2.34659,2021-01-06 09:00:00
2473,202100056076,1,2,1,2,48.78362,2.44733,2021-01-06 11:05:00
2474,202100056077,5,2,1,3,48.77287,2.49059,2021-01-06 06:30:00
2475,202100056078,5,2,1,3,48.79123,2.46261,2021-01-05 09:20:00
2476,202100056121,1,1,1,4,48.7581,2.32746,2021-01-06 10:25:00
2477,202100056185,2,2,1,3,48.809983,2.433749,2021-01-05 08:40:00
2478,202100056186,1,2,8,3,48.82082,2.48625,2021-01-04 10:40:00
2479,202100056284,5,2,1,6,48.8419964227,2.4915860965,2021-01-04 18:15:00
2480,202100056285,1,2,1,3,48.809983,2.433749,2021-01-04 14:40:00
2481,202100056286,1,2,8,5,48.75563,2.37362,2021-01-04 13:25:00
2482,202100056320,3,1,1,6,48.7969892466,2.3446454398,2021-01-04 19:00:00
2483,202100056346,5,2,1,7,48.81049,2.36194,2021-01-03 18:20:00
2484,202100056347,5,2,2,6,48.77629,2.54611,2021-01-03 19:00:00
2485,202100056427,5,2,1,2,48.80805,2.33291,2021-01-02 19:50:00
2486,202100056428,1,2,1,7,48.77594,2.3572,2021-01-02 11:45:00
2487,202100056429,1,2,4,2,48.763305,2.479989,2021-01-01 09:45:00
2488,202100056430,5,2,1,1,48.83091,2.531582,2021-01-02 20:15:00
2489,202100056431,5,2,1,6,48.82568,2.49533,2021-01-01 19:55:00
2490,202100056499,2,1,2,4,48.8277171983,2.4703958116,2021-01-01 18:50:00
2491,202100056501,2,1,1,6,48.7612277833,2.4912067755,2021-01-01 18:00:00
2492,202100056502,1,1,8,3,48.776755299,2.4185973987,2021-01-01 08:55:00